{
  "project_info": {
    "project_number": "362247840386",
    "firebase_url": "https://friendlychat-e853c.firebaseio.com",
    "project_id": "friendlychat-e853c",
    "storage_bucket": "friendlychat-e853c.appspot.com"
  },
  "client": [
    {
      "client_info": {
        "mobilesdk_app_id": "1:362247840386:android:b5d75907de594a2d",
        "android_client_info": {
          "package_name": "com.google.firebase.codelab.friendlychat"
        }
      },
      "oauth_client": [
        {
          "client_id": "362247840386-qb7hcst2i8jh6h10f0mis0hrsoelg2g1.apps.googleusercontent.com",
          "client_type": 1,
          "android_info": {
            "package_name": "com.google.firebase.codelab.friendlychat",
            "certificate_hash": "b0549fb8a6623a407bfb2eb2970db6a006b8fa5e"
          }
        },
        {
          "client_id": "362247840386-4hos0967r50mmqarij9i827oad8r82t7.apps.googleusercontent.com",
          "client_type": 3
        }
      ],
      "api_key": [
        {
          "current_key": "AIzaSyCQBpCohAHHUyk5kjSkbwZfGv-6r553tCU"
        }
      ],
      "services": {
        "analytics_service": {
          "status": 1
        },
        "appinvite_service": {
          "status": 2,
          "other_platform_oauth_client": [
            {
              "client_id": "362247840386-4hos0967r50mmqarij9i827oad8r82t7.apps.googleusercontent.com",
              "client_type": 3
            }
          ]
        },
        "ads_service": {
          "status": 2
        }
      }
    }
  ],
  "configuration_version": "1"
}